OBJECT_NAME,OBJECT_ID,EPOCH,MEAN_MOTION,ECCENTRICITY,INCLINATION,RA_OF_ASC_NODE,ARG_OF_PERICENTER,MEAN_ANOMALY,EPHEMERIS_TYPE,CLASSIFICATION_TYPE,NORAD_CAT_ID,ELEMENT_SET_NO,REV_AT_EPOCH,BSTAR,MEAN_MOTION_DOT,MEAN_MOTION_DDOT
IRIDIUM 33,1997-051C,2026-08-17T05:31:07.014720,14.35169074,.00098347,86.3912,324.3429,119.6278,240.5899,0,U,24946,999,51384,.43740878E-4,.145E-5,0
IRIDIUM 33 DEB,1997-051L,2026-08-17T12:42:42.833952,14.43731615,.00128724,86.4038,315.5706,60.9009,299.3479,0,U,33773,999,91922,.12070092E-3,.431E-5,0
IRIDIUM 33 DEB,1997-051N,2026-08-17T04:25:35.811264,14.42148477,.00147711,86.3637,303.8721,71.8680,317.7238,0,U,33775,999,91706,.17966761E-3,.612E-5,0
IRIDIUM 33 DEB,1997-051P,2026-08-17T13:57:15.371424,14.38605078,.00166585,86.4088,336.6625,103.3427,270.4137,0,U,33776,999,91645,.12533562E-3,.404E-5,0
IRIDIUM 33 DEB,1997-051Q,2026-08-17T05:34:19.189056,14.57195319,.00085834,86.3759,287.4140,130.4577,229.7381,0,U,33777,999,92136,.36917492E-3,.1688E-4,0
IRIDIUM 33 DEB,1997-051T,2026-08-17T11:51:15.082848,14.42793971,.00139554,86.3384,283.6012,75.7771,351.6001,0,U,33850,999,91724,.27891225E-3,.95E-5,0
IRIDIUM 33 DEB,1997-051W,2026-08-17T01:37:00.306624,13.99936208,.02082936,85.9957,241.2529,196.7983,221.8635,0,U,33853,999,88805,.25510641E-3,.47E-5,0
IRIDIUM 33 DEB,1997-051AD,2026-08-17T15:13:52.776768,14.70776432,.00084162,86.3783,277.1572,183.5174,335.3390,0,U,33860,999,92362,.45990525E-3,.283E-4,0
IRIDIUM 33 DEB,1997-051AF,2026-08-17T04:29:33.005184,14.73945758,.00450355,86.4067,287.9446,289.3984,124.9476,0,U,33862,999,92464,.19081513E-3,.1297E-4,0
IRIDIUM 33 DEB,1997-051AK,2026-08-17T14:48:41.908608,14.26673460,.01143122,86.3051,348.0449,85.5565,288.6385,0,U,33866,999,90343,.89704359E-3,.2343E-4,0
IRIDIUM 33 DEB,1997-051AP,2026-08-17T04:39:22.813056,14.46998070,.00227225,86.3763,312.1061,82.7687,306.2988,0,U,33870,999,91714,.28722942E-3,.1068E-4,0
IRIDIUM 33 DEB,1997-051BA,2026-08-17T14:26:09.281184,14.63074379,.00549717,86.3878,358.3561,56.3958,314.7186,0,U,33881,999,91117,.13980797E-2,.7359E-4,0
IRIDIUM 33 DEB,1997-051BD,2026-08-17T13:25:39.877248,14.83943569,.0013554,86.3628,257.2563,148.0771,11.2746,0,U,33884,999,92515,.65155494E-3,.5449E-4,0
IRIDIUM 33 DEB,1997-051BF,2026-08-17T06:39:30.199968,14.36301978,.00152324,86.3871,323.0361,149.5114,232.9598,0,U,33886,999,91605,.92834386E-4,.291E-5,0
IRIDIUM 33 DEB,1997-051BG,2026-08-17T12:52:41.495232,14.37428421,.00076612,86.2992,256.5936,135.5372,24.9737,0,U,33887,999,91724,.60668118E-4,.201E-5,0
IRIDIUM 33 DEB,1997-051BN,2026-08-17T05:18:08.820288,14.57435937,.00152386,86.3857,306.1904,354.6790,31.2075,0,U,33953,999,91906,.34186823E-3,.1574E-4,0
IRIDIUM 33 DEB,1997-051BV,2026-08-17T08:06:25.710912,14.95457411,.00029989,86.2586,171.6783,62.5191,95.9157,0,U,33960,999,92557,.84269604E-3,.935E-4,0
IRIDIUM 33 DEB,1997-051CB,2026-08-17T04:39:03.480192,14.50526246,.00099245,86.3920,299.7691,97.3721,290.8903,0,U,33966,999,92028,.20753494E-3,.833E-5,0
IRIDIUM 33 DEB,1997-051CE,2026-08-17T12:39:13.313952,14.50533729,.00076172,86.3406,270.0197,20.8324,339.3190,0,U,34071,999,91925,.23682629E-3,.948E-5,0
IRIDIUM 33 DEB,1997-051CL,2026-08-17T05:36:48.420000,14.68684738,.00071412,86.3844,302.1114,240.5861,173.3359,0,U,34077,999,91961,.60707155E-3,.3556E-4,0
IRIDIUM 33 DEB,1997-051CN,2026-08-17T13:49:53.439744,14.90891075,.00077183,86.3694,255.1339,157.3532,1.9304,0,U,34079,999,92662,.76623582E-3,.7584E-4,0
IRIDIUM 33 DEB,1997-051CX,2026-08-17T04:38:01.161600,15.07619277,.00041733,86.3667,275.3748,54.1018,12.6145,0,U,34088,999,92451,.12523923E-2,.19121E-3,0
IRIDIUM 33 DEB,1997-051DA,2026-08-17T12:17:51.786816,14.98097000,.00296506,86.3467,311.7815,131.9495,228.4271,0,U,34091,999,91559,.20841912E-2,.2497E-3,0
IRIDIUM 33 DEB,1997-051DG,2026-08-17T11:56:09.603168,14.36306029,.00773337,86.1945,251.8516,271.6126,87.6213,0,U,34097,999,90674,.41754623E-3,.1281E-4,0
IRIDIUM 33 DEB,1997-051DY,2026-08-17T09:39:36.554688,14.43887720,.00516497,86.2093,222.0308,359.4704,0.6433,0,U,34145,999,91210,.53718242E-3,.1881E-4,0
IRIDIUM 33 DEB,1997-051DZ,2026-08-17T11:28:18.584832,14.50406986,.00285242,86.2782,240.2009,116.8589,36.5672,0,U,34146,999,91696,.37819853E-3,.1505E-4,0
IRIDIUM 33 DEB,1997-051EN,2026-08-17T04:16:16.881888,14.39043636,.00276319,86.3514,302.7197,190.0272,170.0379,0,U,34159,999,91517,.1788331E-3,.574E-5,0
IRIDIUM 33 DEB,1997-051ES,2026-08-17T12:56:50.641728,14.45968574,.00223917,86.3223,255.2178,41.9980,109.6901,0,U,34350,999,91873,.13253241E-3,.493E-5,0
IRIDIUM 33 DEB,1997-051FJ,2026-08-17T05:02:19.654080,14.56207454,.00203184,86.3683,301.4765,34.4849,342.5626,0,U,34366,999,91781,.49845555E-3,.2229E-4,0
IRIDIUM 33 DEB,1997-051FT,2026-08-17T13:00:08.807040,14.18411352,.01034335,86.4248,82.7549,59.9149,320.5171,0,U,34375,999,90224,.20481437E-3,.465E-5,0
IRIDIUM 33 DEB,1997-051FU,2026-08-17T11:50:10.725216,14.66786140,.00260586,86.2900,254.6658,50.5411,309.8103,0,U,34376,999,91634,.7368923E-3,.4152E-4,0
IRIDIUM 33 DEB,1997-051GB,2026-08-17T02:17:42.052704,15.11105512,.00013304,86.3744,256.1993,305.4077,108.5190,0,U,34486,999,92704,.11858058E-2,.19912E-3,0
IRIDIUM 33 DEB,1997-051GC,2026-08-17T03:12:40.677696,14.43540359,.00320451,86.3387,265.8418,35.9796,19.5952,0,U,34487,999,91817,.81449905E-4,.298E-5,0
IRIDIUM 33 DEB,1997-051GH,2026-08-17T11:06:25.531200,14.29836385,.01776645,86.4676,234.0885,157.8420,355.1799,0,U,34492,999,88594,.15849714E-2,.4858E-4,0
IRIDIUM 33 DEB,1997-051GN,2026-08-03T00:50:10.843872,14.28185282,.00770644,86.2801,312.6999,307.0298,228.9803,0,U,34497,999,90212,.30911332E-3,.812E-5,0
IRIDIUM 33 DEB,1997-051GZ,2026-08-17T07:35:52.314144,14.39975661,.0065604,86.3743,357.5018,80.7150,280.1460,0,U,34508,999,90870,.546609E-3,.1784E-4,0
IRIDIUM 33 DEB,1997-051HN,2026-08-17T02:41:26.382624,14.66262372,.00055074,86.3755,281.3491,124.6587,235.5147,0,U,34521,999,92094,.44376363E-3,.2467E-4,0
IRIDIUM 33 DEB,1997-051HS,2026-08-17T15:28:03.573120,14.43471147,.0004416,86.3730,301.0057,23.9180,129.3222,0,U,34525,999,91663,.15258636E-3,.536E-5,0
IRIDIUM 33 DEB,1997-051HW,2026-08-17T03:42:39.716640,14.40913431,.00072447,86.3622,289.9359,104.7302,255.4701,0,U,34529,999,91704,.10453539E-3,.355E-5,0
IRIDIUM 33 DEB,1997-051JF,2026-08-17T12:46:08.793408,14.43828286,.00327937,86.2714,256.8835,220.9286,292.5000,0,U,34538,999,91330,.21977376E-3,.773E-5,0
IRIDIUM 33 DEB,1997-051JH,2026-08-16T21:48:03.287232,14.80042843,.00171207,86.3120,194.1203,37.7902,348.8767,0,U,34540,999,92672,.80432182E-3,.6129E-4,0
IRIDIUM 33 DEB,1997-051JZ,2026-08-16T20:15:15.206400,14.15083145,.01638358,86.3985,181.9224,238.6463,119.8603,0,U,34648,999,88452,.45343428E-3,.1017E-4,0
IRIDIUM 33 DEB,1997-051KC,2026-08-17T10:41:47.706720,14.29013019,.01337076,86.2808,34.7596,125.3899,235.9872,0,U,34651,999,89430,.15422745E-2,.4316E-4,0
IRIDIUM 33 DEB,1997-051KD,2026-08-15T08:06:53.273376,14.63958206,.00277583,86.3275,230.4364,171.3857,254.1579,0,U,34652,999,92075,.28731132E-3,.1535E-4,0
IRIDIUM 33 DEB,1997-051KM,2026-08-17T14:41:56.705568,14.56286740,.00070286,86.3756,289.1792,250.4270,262.7645,0,U,34690,999,91700,.40452466E-3,.1811E-4,0
IRIDIUM 33 DEB,1997-051KT,2026-08-17T02:18:53.992800,14.80791969,.0051727,86.1772,270.7633,37.9229,352.0619,0,U,34696,999,90316,.19680981E-2,.15563E-3,0
IRIDIUM 33 DEB,1997-051LJ,2026-08-17T03:30:10.018656,14.41061714,.00184814,86.3368,286.5600,120.2303,269.2469,0,U,34765,999,91176,.17757346E-3,.592E-5,0
IRIDIUM 33 DEB,1997-051MH,2026-08-17T05:27:53.324064,14.53797264,.00182481,86.3934,304.2232,352.4356,61.8800,0,U,34833,999,91309,.28550902E-3,.1221E-4,0
IRIDIUM 33 DEB,1997-051MQ,2026-08-16T21:48:06.062400,14.80867305,.00188335,86.3114,200.4185,56.5644,332.9621,0,U,34870,999,92564,.72074049E-3,.5606E-4,0
IRIDIUM 33 DEB,1997-051MY,2026-08-16T17:04:08.556960,14.68418128,.00282501,86.3280,215.6900,90.3357,82.9355,0,U,34896,999,91241,.4064883E-3,.2389E-4,0
IRIDIUM 33 DEB,1997-051NF,2026-08-17T01:32:44.420928,14.63255590,.00704125,86.1289,252.5761,174.0181,214.7497,0,U,34926,999,90065,.1185027E-2,.6354E-4,0
IRIDIUM 33 DEB,1997-051NR,2026-08-17T12:29:44.171232,14.42956087,.00232074,86.3715,311.1157,123.7755,297.4930,0,U,34985,999,90747,.23908535E-3,.822E-5,0
IRIDIUM 33 DEB,1997-051NX,2026-08-17T12:34:33.523968,14.48638199,.00075975,86.3189,260.7494,1.5793,358.5433,0,U,35051,999,90582,.24040701E-3,.925E-5,0
IRIDIUM 33 DEB,1997-051NY,2026-08-17T09:36:21.112704,14.38771688,.00111602,86.3268,274.2882,2.0791,358.0451,0,U,35052,999,90836,.81857778E-4,.271E-5,0
IRIDIUM 33 DEB,1997-051PM,2026-08-13T13:55:17.042304,14.46130277,.00172276,86.3893,318.6268,60.7066,299.5856,0,U,35297,999,73949,.21449044E-3,.787E-5,0
IRIDIUM 33 DEB,1997-051PP,2026-08-16T15:01:40.197216,14.42755520,.00536888,86.2856,285.5286,10.3625,142.3316,0,U,35299,999,89888,.48181855E-3,.1652E-4,0
IRIDIUM 33 DEB,1997-051QA,2026-08-15T09:50:31.903008,14.50836963,.00134598,86.3527,278.3063,15.4127,344.7485,0,U,35480,999,90592,.19717475E-3,.798E-5,0
IRIDIUM 33 DEB,1997-051QE,2026-08-12T07:01:40.512000,15.20842333,.00072273,86.3392,236.9026,324.3997,35.6764,0,U,35484,999,65676,.97739354E-3,.21645E-3,0
IRIDIUM 33 DEB,1997-051QJ,2026-08-17T07:16:26.269248,14.87997500,.0021008,86.3280,186.2537,238.8607,121.0558,0,U,35488,999,91942,.6655287E-3,.6157E-4,0
IRIDIUM 33 DEB,1997-051QN,2026-08-13T23:41:31.030944,14.88126952,.00105066,86.3483,233.5933,54.9098,305.3111,0,U,35616,999,91200,.56984322E-3,.5276E-4,0
IRIDIUM 33 DEB,1997-051QQ,2026-08-15T18:54:15.929568,14.53173131,.0025688,86.3347,245.7958,271.2808,88.5456,0,U,35618,999,68966,.14919401E-3,.641E-5,0
IRIDIUM 33 DEB,1997-051QS,2026-08-17T02:51:18.351360,14.42727033,.01274677,86.3840,112.6899,163.3187,197.2268,0,U,35620,999,63528,.13781029E-2,.5082E-4,0
IRIDIUM 33 DEB,1997-051QU,2026-08-17T05:13:57.072288,15.44000082,.00119129,86.1783,138.5759,91.4092,59.7442,0,U,35622,999,91117,.44208245E-2,.206851E-2,0
IRIDIUM 33 DEB,1997-051QX,2026-08-12T22:11:28.330080,14.32175525,.0104953,86.1872,276.1814,132.7316,347.7702,0,U,35625,999,69519,.51334058E-3,.1489E-4,0
IRIDIUM 33 DEB,1997-051RA,2026-08-16T19:36:38.001600,14.71014711,.00110249,86.3508,258.5051,183.4069,176.7074,0,U,35628,999,90075,.53508295E-3,.3309E-4,0
IRIDIUM 33 DEB,1997-051RD,2026-08-17T02:56:06.496224,14.47870841,.00174487,86.3628,274.4054,24.0154,4.4099,0,U,35631,999,90776,.727803E-4,.29E-5,0
IRIDIUM 33 DEB,1997-051RJ,2026-08-08T10:01:57.969984,14.23323159,.01452993,86.1043,275.6085,238.1690,134.3340,0,U,35680,999,64094,.55259665E-3,.1413E-4,0
IRIDIUM 33 DEB,1997-051RX,2026-08-16T05:41:57.437376,14.74001409,.00231902,86.3286,213.7307,69.0838,291.2859,0,U,35744,999,90959,.50245246E-3,.334E-4,0
IRIDIUM 33 DEB,1997-051SF,2026-08-16T16:53:44.264256,14.89309008,.00115693,86.3331,215.8012,28.9293,331.2572,0,U,35797,999,91009,.8458208E-3,.8053E-4,0
IRIDIUM 33 DEB,1997-051SQ,2026-08-13T20:51:52.248672,14.59683065,.00111822,86.3383,272.8946,333.6285,26.4354,0,U,35806,999,89883,.34749202E-3,.1678E-4,0
IRIDIUM 33 DEB,1997-051ST,2026-08-15T06:35:40.139232,14.80526012,.00148225,86.3241,223.0053,107.1809,253.1036,0,U,35809,999,90435,.59302852E-3,.4574E-4,0
IRIDIUM 33 DEB,1997-051SW,2026-08-13T16:21:40.914720,14.44012884,.00200204,86.3777,314.6868,89.9996,270.3499,0,U,35846,999,74848,.19021406E-3,.672E-5,0
IRIDIUM 33 DEB,1997-051SY,2026-08-12T09:05:22.884576,14.84138722,.00102327,86.3841,266.4330,84.3237,275.9153,0,U,35848,999,70283,.41202118E-3,.3469E-4,0
IRIDIUM 33 DEB,1997-051TA,2026-08-13T07:23:41.304480,14.84168685,.00117552,86.3443,232.8595,75.0774,285.1750,0,U,35850,999,74964,.50366276E-3,.4239E-4,0
IRIDIUM 33 DEB,1997-051TY,2026-08-09T18:19:51.602880,14.86940771,.00135449,86.3390,232.6178,80.4168,279.8587,0,U,35915,999,11646,.75500643E-3,.6787E-4,0
IRIDIUM 33 DEB,1997-051UB,2026-08-09T13:47:44.130912,14.53041196,.00278835,86.4042,332.7212,89.0705,283.7845,0,U,35918,999,88688,.39679471E-3,.1667E-4,0
IRIDIUM 33 DEB,1997-051UN,2026-08-16T15:19:41.839680,15.22667250,.00119479,86.3416,193.9007,156.7804,203.3983,0,U,35929,999,91512,.15262123E-2,.35741E-3,0
IRIDIUM 33 DEB,1997-051US,2026-08-13T23:21:50.156352,14.42030763,.0020511,86.3393,290.4800,132.2307,352.0343,0,U,36011,999,68059,.16083E-3,.549E-5,0
IRIDIUM 33 DEB,1997-051UT,2026-08-14T09:40:03.604800,14.21687308,.0215955,86.4453,208.6168,199.6963,159.5794,0,U,36012,999,68958,.90152E-3,.2529E-4,0
IRIDIUM 33 DEB,1997-051VK,2026-08-17T14:40:00.431040,15.07675194,.00113755,86.3140,188.8512,220.8685,139.1700,0,U,36028,999,90845,.1105112E-2,.16918E-3,0
IRIDIUM 33 DEB,1997-051VM,2026-07-20T11:48:01.895904,14.47451221,.00186953,86.3185,272.1664,146.3546,213.8848,0,U,36080,999,50592,.18222756E-3,.691E-5,0
IRIDIUM 33 DEB,1997-051VQ,2026-08-17T10:33:23.514336,14.44023904,.00282825,86.3410,287.4558,124.5276,235.8602,0,U,36083,999,89023,.2098148E-3,.741E-5,0
IRIDIUM 33 DEB,1997-051VU,2026-08-09T04:44:54.878496,14.76419851,.00326296,86.2910,189.3527,60.4020,300.0443,0,U,36390,999,69792,.57414365E-3,.4051E-4,0
IRIDIUM 33 DEB,1997-051VZ,2026-08-16T11:33:48.359808,14.46623967,.00101746,86.3803,306.8249,43.2391,316.9608,0,U,36483,999,68712,.2041268E-3,.757E-5,0
IRIDIUM 33 DEB,1997-051WG,2026-08-16T12:44:55.260096,14.81745043,.00008348,86.3583,258.5398,122.1904,237.9400,0,U,36490,999,90133,.62586836E-3,.4958E-4,0
IRIDIUM 33 DEB,1997-051WK,2026-08-14T09:34:19.924608,14.68259324,.0008593,86.3518,262.6569,214.9738,145.0913,0,U,36493,999,78105,.39958E-3,.2326E-4,0
IRIDIUM 33 DEB,1997-051WP,2026-08-12T01:17:30.130080,14.66910423,.00469246,86.1561,140.4575,16.4903,343.7824,0,U,36497,999,69200,.693843E-3,.3967E-4,0
IRIDIUM 33 DEB,1997-051XG,2026-08-15T07:12:04.029696,14.28429261,.0066893,86.1383,229.2952,284.1936,75.1831,0,U,37136,999,68003,.22112275E-3,.585E-5,0
IRIDIUM 33 DEB,1997-051XH,2026-08-16T21:50:57.147360,14.52966946,.00264554,86.3503,295.6589,86.6653,273.7579,0,U,37548,999,69119,.38964468E-3,.1634E-4,0
IRIDIUM 33 DEB,1997-051XK,2026-08-13T10:57:16.034112,14.70552347,.00034245,86.3730,275.5206,51.9221,308.2303,0,U,37550,999,89911,.38449708E-3,.2357E-4,0
IRIDIUM 33 DEB,1997-051XX,2026-08-16T11:56:10.080096,14.58676799,.0022508,86.3726,295.8060,358.0496,64.0305,0,U,37562,999,89923,.42712608E-3,.2019E-4,0
IRIDIUM 33 DEB,1997-051YA,2026-08-16T09:08:57.020064,14.52519177,.00115377,86.3440,262.0269,344.8577,15.2282,0,U,37565,999,69416,.2018896E-3,.846E-5,0
IRIDIUM 33 DEB,1997-051YD,2026-08-17T06:03:47.043648,14.54423099,.00755211,86.3312,57.9402,359.3507,0.7589,0,U,38017,999,64994,.19605668E-2,.8685E-4,0
IRIDIUM 33 DEB,1997-051YJ,2026-08-14T09:57:04.024224,14.42914250,.004206,86.2644,269.1172,323.0134,36.8167,0,U,38022,999,72720,.29824E-3,.1026E-4,0
IRIDIUM 33 DEB,1997-051YQ,2026-08-15T19:12:56.233440,14.46840462,.00286884,86.3206,253.2294,29.9517,330.3320,0,U,38028,999,69052,.17222605E-3,.648E-5,0
IRIDIUM 33 DEB,1997-051ZC,2026-08-12T12:30:43.055424,14.27660734,.0065851,86.2955,305.2415,127.9762,294.1939,0,U,38228,999,88245,.14058185E-3,.374E-5,0
IRIDIUM 33 DEB,1997-051ZR,2026-08-16T18:16:56.879616,14.56262351,.00016446,86.3176,241.4567,356.8740,3.2458,0,U,38241,999,63794,.27665816E-3,.1244E-4,0
IRIDIUM 33 DEB,1997-051AAB,2026-08-14T09:09:49.576320,14.51715988,.00243,86.3348,263.3451,353.1146,6.9722,0,U,38474,999,68866,.21953E-3,.905E-5,0
IRIDIUM 33 DEB,1997-051AAE,2026-08-09T16:55:31.233504,13.62290420,.03953325,86.4153,16.7257,260.5958,95.0311,0,U,38477,999,57943,.17284726E-2,.2273E-4,0
IRIDIUM 33 DEB,1997-051AAJ,2026-08-16T22:49:16.744800,14.61892206,.00585685,85.9574,54.3742,68.9280,291.8179,0,U,39777,999,63791,.76814652E-3,.396E-4,0
IRIDIUM 33 DEB,1997-051AAK,2026-08-16T14:53:08.985696,14.56031187,.00044913,86.3771,295.8978,266.0811,93.9884,0,U,39778,999,64283,.30299435E-3,.1354E-4,0
IRIDIUM 33 DEB,1997-051AAN,2026-08-11T13:44:29.976288,14.25860442,.01627091,86.3777,158.0059,218.5422,317.7338,0,U,39781,999,11547,.79332243E-3,.2187E-4,0
IRIDIUM 33 DEB,1997-051ABJ,2026-08-15T19:20:05.135136,15.17166289,.00059815,86.3429,244.3710,158.2664,16.7028,0,U,40996,999,66194,.12270667E-2,.24441E-3,0
IRIDIUM 33 DEB,1997-051ABL,2026-08-12T13:06:08.155008,14.45876213,.00070285,86.3844,309.8907,11.3219,46.7583,0,U,40998,999,10189,.15558789E-3,.573E-5,0
IRIDIUM 33 DEB,1997-051ABN,2026-08-07T22:21:18.080064,14.39899138,.019707,86.2762,90.5052,213.2872,209.4027,0,U,46435,999,11338,.57444E-3,.2292E-4,0
IRIDIUM 33 DEB,1997-051ABR,2026-08-12T09:16:01.253568,14.43315600,.00364069,86.2603,256.1819,248.6679,168.5772,0,U,46734,999,66509,.31108139E-3,.1076E-4,0
IRIDIUM 33 DEB,1997-051ABX,2026-08-15T23:53:59.007840,14.61849166,.00177664,86.3327,231.3020,200.1667,189.4389,0,U,46965,999,65864,.25569352E-3,.1302E-4,0
IRIDIUM 33 DEB,1997-051ACD,2026-08-01T19:02:02.696064,15.14535073,.00077773,86.3103,222.1585,143.8833,33.9115,0,U,46971,999,67723,.20325389E-2,.37637E-3,0
IRIDIUM 33 DEB,1997-051ACE,2026-08-09T12:18:14.154912,14.51640802,.00097931,86.3867,296.1168,37.8149,25.2653,0,U,46972,999,65050,.18035699E-3,.744E-5,0
IRIDIUM 33 DEB,1997-051ACG,2026-08-16T15:32:26.471904,14.49201635,.00885252,86.3019,356.9952,86.4532,274.6791,0,U,46974,999,61079,.13360785E-2,.537E-4,0
IRIDIUM 33 DEB,1997-051ACM,2026-08-08T11:10:23.842272,15.19495070,.00147335,86.3159,295.0123,96.8650,263.4270,0,U,46979,999,39015,.19346846E-2,.41366E-3,0
